mouseNumber,wave,Batch,birthdate,sex,coat color,6 wk glu,6 wk ins,6 wk TG (triglicerides),10 wk glu,10 wk ins,10 wk TG,14 wk glu,14 wk ins,14 wk TG,GTT (glucose tolerance test) date,GTT (glucose tolerance test) weight (grams),sac date,sac wk glu,sac wk ins,sac wk TG
DO021,1,Batch1,5/29/2014,F,agouti,97.513301,0.6347,122.161824,108.10032,0.204566667,115.3241,68.591315,0.402829305,89.6396,9/22/2014,22.1,10/20/2014,84.882187,0.6037,46.11045
DO022,1,Batch3,5/30/2014,F,agouti,108.320515,1.9161,200.1304,123.5356,1.5302,138.366245,91.856905,1.534851318,131.7712,9/22/2014,27.3,10/20/2014,172.104462,0.368,106.27059
DO023,1,Batch3,5/31/2014,F,agouti,107.461998,0.4501,153.554528,103.89536,1.017033333,162.89498,95.091135,1.81431519,212.291,9/22/2014,32.1,10/20/2014,89.62083,0.123,79.41465
DO024,1,Batch2,6/1/2014,F,white,98.97783,0.319130142,135.964704,109.12592,0.843033333,111.607625,95.404125,0.914757519,130.4867,9/22/2014,19.4,10/20/2014,152.264649,0.4318,120.97404
DO025,1,Batch3,6/2/2014,F,agouti,147.509291,0.42115,103.651808,106.76704,0.245033333,135.817805,70.260595,0.257830755,174.0129,9/22/2014,21.7,10/22/2014,199.859371,off curve lo,74.84418
DO026,1,Batch1,6/3/2014,F,black,122.511296,1.32445,101.138976,129.02256,1.697166666,116.492135,105.524135,2.250844158,147.1852,9/22/2014,28.8,10/22/2014,141.329319,0.64955,88.55559
DO027,1,Batch2,6/4/2014,F,agouti,72.161799,0.1942,79.337504,113.536,0.434,116.59832,94.256495,0.89932434,104.4297,9/22/2014,24.4,10/22/2014,172.625192,0.61845,129.86697
DO028,1,Batch2,6/5/2014,F,agouti,109.886046,0.80365,79.585248,112.10016,0.3601,81.13253,69.112965,0.514228191,87.2908,9/22/2014,22.1,10/22/2014,167.313746,0.3743,28.50174
DO030,1,Batch2,6/7/2014,F,agouti,114.532138,1.0864,111.685792,136.8684,0.566533333,106.1214,94.93464,1.238087619,136.2853,9/22/2014,25.6,10/24/2014,144.193334,0.42275,104.10936
DO031,1,Batch1,6/8/2014,F,agouti,143.368209,1.45615,93.812832,119.84344,2.5932,106.40456,116.791775,1.894047726,125.679,9/24/2014,24.4,10/24/2014,119.354513,0.2354,48.90942
DO032,1,Batch1,6/9/2014,F,agouti,92.160195,0.39975,106.412384,149.32944,0.735333333,150.7191,121.903945,1.192521408,117.4215,9/24/2014,32.6,10/24/2014,250.734692,0.1147,109.28214
DO033,1,Batch3,6/10/2014,F,agouti,125.288851,1.33395,77.85104,104.8184,0.595566667,80.955555,99.472995,0.841258254,104.76,9/24/2014,21.1,10/24/2014,52.180343,0.54675,41.11482
DO034,1,Batch3,6/11/2014,F,agouti,102.108892,0.253697463,67.091872,130.04816,0.2983,97.27265,96.238765,0.779158875,107.7327,9/24/2014,25.6,10/28/2014,203.764846,0.30425,96.9525
DO035,1,Batch3,6/12/2014,F,black,117.865204,0.3498,88.964128,109.33104,0.294233333,110.616565,111.262285,0.445795542,131.0372,9/24/2014,18.8,10/28/2014,155.024518,0.3726,66.34098
DO036,1,Batch1,6/13/2014,F,agouti,92.513702,0.7597,145.485152,118.20248,0.454533333,121.27046,101.19444,0.538561281,149.0202,9/24/2014,21.4,10/28/2014,144.29748,0.35115,53.76333
DO037,1,Batch1,6/14/2014,F,white,99.028331,0.70045,132.0008,109.33104,1.2227,122.226125,99.00351,1.338486615,148.6899,9/24/2014,31,10/28/2014,129.612894,0.17745,122.63925
DO038,1,Batch2,6/15/2014,F,black,130.995464,1.268,171.427488,128.76616,1.1182,148.24145,108.49754,1.433685663,145.9007,9/24/2014,29.8,10/30/2014,252.192736,0.87705,74.34816
DO039,1,Batch2,6/16/2014,F,agouti,112.815104,2.134,109.137568,126.76624,2.165066666,120.35019,104.793825,1.183121502,90.9608,9/24/2014,20.5,10/30/2014,130.966792,0.25915,47.84652
DO040,1,Batch1,6/17/2014,F,agouti,79.484444,0.076,115.72048,114.40776,0.530866667,118.474255,86.69257,0.366762999,136.1752,9/24/2014,27.1,10/30/2014,84.465603,0.2248,54.71994
DO041,1,Batch2,6/18/2014,F,white,70.747771,0.2792,97.4936,107.69008,0.2711,80.530815,104.480835,0.62732706,111.8798,9/26/2014,20.1,10/30/2014,148.98405,0.40435,75.48192
DO042,1,Batch1,6/19/2014,F,agouti,92.109694,0.545,110.553248,127.94568,0.9151,157.762705,91.07443,1.139021943,204.9143,9/26/2014,27.9,11/3/2014,216.69152,0.16836,145.249566
DO043,1,Batch1,6/20/2014,F,agouti,153.619912,1.25725,111.898144,135.94536,0.762866667,104.77639,112.98373,1.365953007,102.5947,9/26/2014,28.9,11/3/2014,189.411512,0.07596,152.413168
DO044,1,Batch1,6/21/2014,F,white,115.895665,1.62,124.993184,103.07488,0.859633333,111.35986,94.152165,1.056589434,143.3684,9/26/2014,24.3,11/3/2014,208.661288,0.20496,173.507996
DO046,1,Batch1,6/23/2014,F,agouti,123.72332,0.6562,79.08976,127.79184,0.751666667,151.56858,105.99362,0.773725596,75.4,9/26/2014,22,11/3/2014,198.979448,0.1974,73.685542
DO047,1,Batch2,6/24/2014,F,agouti,105.744964,1.18965,98.661536,102.66464,0.845,126.190365,86.849065,1.461918714,80.4646,9/26/2014,19.8,11/5/2014,122.663768,0.10428,63.426112
DO048,1,Batch1,6/25/2014,F,agouti,127.308891,1.68175,178.682848,133.58648,4.292633333,172.16847,91.961235,2.9305,128.5049,9/26/2014,30.6,11/5/2014,202.795232,0.14192,69.905752
DO049,1,Batch1,6/26/2014,F,agouti,130.540955,2.6248,94.060576,136.3556,1.0905,122.580075,38.335615,0.880191198,96.8695,9/26/2014,26.5,11/5/2014,211.964504,0.13816,120.590936
DO050,1,Batch2,6/27/2014,F,agouti,79.78745,0.081232521,127.789152,106.15168,0.358166667,139.852835,100.98578,0.735359313,149.0569,9/26/2014,21.1,11/5/2014,123.119384,0.35864,169.368226
DO051,1,Batch2,6/28/2014,F,agouti,139.631135,0.8779,133.664224,127.99696,0.465266667,137.799925,106.6196,1.209021243,143.2216,9/30/2014,37.7,11/7/2014,184.456688,0.34348,111.807424
DO052,1,Batch1,6/29/2014,F,black,97.311297,0.06055,61.818464,104.97224,0.224933333,91.432475,88.205355,0.376296237,101.2001,9/30/2014,17.9,11/7/2014,164.181776,0.10196,85.276898
DO053,1,Batch3,6/30/2014,F,agouti,110.138551,1.3403,125.665632,137.79144,0.513433333,126.119575,90.083295,0.876291237,112.0633,9/30/2014,32,11/7/2014,115.658672,0.17912,101.655988
DO054,1,Batch1,7/1/2014,F,agouti,113.825124,0.89855,95.936352,118.20248,0.3938,97.69739,104.42867,0.532961337,100.7964,9/30/2014,22.4,11/7/2014,168.225368,0.02436,99.28012
DO055,1,Batch1,7/2/2014,F,agouti,84.433542,0.078099219,122.586528,120.15112,0.1158,150.29436,125.92065,0.703492965,164.3241,9/30/2014,25.8,11/11/2014,95.839376,0.08146,71.38167
DO056,1,Batch3,7/3/2014,F,white,94.786247,0.2299,82.98288,107.22856,0.403066667,115.217915,105.5763,0.49199508,108.9805,9/30/2014,21.8,11/11/2014,138.66728,0.19808,66.053966
DO057,1,Batch1,7/4/2014,F,black,97.109293,0.61435,87.654624,83.99872,0.160133333,114.934755,71.56472,0.12866538,98.2274,9/30/2014,21.4,11/11/2014,132.801224,0.08456,67.277898
DO058,1,Batch1,7/5/2014,F,agouti,84.484043,0.515,74.276448,80.9732,0.248433333,94.971975,56.697695,0.251397486,100.6863,9/30/2014,15.6,11/11/2014,91.169312,0.08116,40.42339
DO059,1,Batch3,7/6/2014,F,agouti,120.339753,0.75155,108.181984,118.20248,0.393466667,155.709795,87.21422,0.816858498,139.2947,9/30/2014,22.5,11/13/2014,203.193896,0.12892,65.98197
DO060,1,Batch1,7/7/2014,F,agouti,67.869214,0.437,79.372896,95.94696,0.595933333,90.33523,64.731105,0.57199428,92.2086,9/30/2014,20.4,11/13/2014,81.943088,0.1053,63.28212
DO061,1,Batch12,7/8/2014,F,black,93.170215,2.1073,188.415648,117.02304,2.9314,217.89881,107.55857,4.4001,159.1127,10/2/2014,45.4,11/13/2014,194.992808,0.4298,83.80098
DO062,1,Batch3,7/9/2014,F,agouti,119.430735,0.62665,112.429024,151.43192,0.322933333,158.258235,106.463105,0.601760649,163.0029,10/2/2014,23.6,11/13/2014,174.091424,0.0776,57.774426
DO063,1,Batch2,7/10/2014,F,agouti,76.353382,0.344296557,85.177184,74.71704,0.187533333,74.230505,74.06864,0.616960497,114.6323,10/2/2014,20,11/17/2014,165.833384,0.10108,84.124962
DO064,1,Batch3,7/11/2014,F,black,96.654784,0.127765389,164.986144,119.53576,0.646566667,144.878925,113.60971,0.857458092,111.9532,10/2/2014,23.3,11/17/2014,170.332592,0.06588,67.529884
DO065,1,Batch2,7/12/2014,F,agouti,126.349372,2.72845,94.166752,103.94664,0.8196,70.620215,74.433795,1.038222951,76.8313,10/2/2014,30.7,11/17/2014,133.370744,0.05396,62.02219
DO066,1,Batch1,7/13/2014,F,agouti,63.172621,0.308363583,95.01616,98.9212,0.490533333,89.591935,74.955445,0.387796122,67.1792,10/2/2014,18.8,11/17/2014,140.37584,0.08584,152.809146
DO067,1,Batch2,7/14/2014,F,black,120.087248,0.201464652,98.696928,113.48472,0.2964,124.632985,103.124545,0.499928334,110.9623,10/2/2014,23.4,11/19/2014,209.344712,0.07148,76.709374
DO068,1,Batch1,7/15/2014,F,white,135.591055,1.13475,118.7288,144.20144,0.7266,184.804485,131.03282,0.71432619,168.6547,10/2/2014,21.1,11/19/2014,152.221856,0.05312,69.509774
DO069,1,Batch3,7/16/2014,F,agouti,80.948973,0.6543,169.127008,98.61352,0.244433333,119.85466,65.044095,0.217931154,131.1473,10/2/2014,27.3,11/19/2014,55.460408,0.09356,85.744872
DO070,1,Batch2,7/17/2014,F,agouti,112.562599,0.85815,133.451872,100.15192,0.330566667,99.67951,106.254445,0.631893681,84.8319,10/2/2014,21.7,11/19/2014,137.357384,0.0586,61.878198
DO071,1,Batch1,7/18/2014,M,agouti,104.987449,1.0317,170.648864,163.68784,1.6999,275.415685,105.837125,2.3382,194.1612,9/23/2014,28.9,10/21/2014,216.991388,0.17985,54.36564
DO072,1,Batch1,7/19/2014,M,agouti,154.781435,2.9526,93.742048,158.25216,7.87595,132.632255,128.685395,7.0705,126.7433,9/23/2014,53,10/21/2014,242.090574,3.5117,64.85292
DO073,1,Batch3,7/20/2014,M,agouti,118.067208,1.2497,107.084832,108.30544,0.5922,111.00591,113.71404,2.11715,95.9887,9/23/2014,27.6,10/21/2014,109.40857,0.06834,91.53171
DO074,1,Batch3,7/21/2014,M,black,138.823119,1.36235,135.787744,149.89352,0.64285,129.517495,120.91281,1.4116,219.2273,9/23/2014,30.6,10/21/2014,147.109422,0.8504,47.81109
DO075,1,Batch1,7/22/2014,M,agouti,129.227929,1.9352,113.915488,138.86832,2.15755,157.30257,126.96395,3.77355,185.4266,9/23/2014,47.5,10/23/2014,266.044154,0.15875,83.20566
DO076,1,Batch3,7/23/2014,M,agouti,137.762598,2.1561,168.950048,135.8428,1.49595,180.73406,123.990545,2.13665,147.2953,9/23/2014,32.6,10/23/2014,205.22289,0.26185,147.6174
DO078,1,Batch3,7/25/2014,M,black,127.611897,1.81495,178.0104,164.45704,1.91075,214.607075,140.42252,2.30865,212.5846,9/23/2014,38,10/23/2014,163.668636,0.69465,137.41356
DO079,1,Batch3,7/26/2014,M,agouti,162.710092,1.3043,164.950752,181.02048,1.50855,186.822,160.610375,1.455,151.5525,9/23/2014,37.1,10/23/2014,253.911145,0.09156,120.79689
DO080,1,Batch2,7/27/2014,M,agouti,125.692859,1.43125,102.696224,163.32888,1.69705,169.40766,143.23943,1.19615,203.7032,9/23/2014,25.7,10/27/2014,236.258398,0.09218,128.69778
DO081,1,Batch2,7/28/2014,M,white,125.187849,1.16405,178.576672,133.74032,0.74915,187.423715,123.260235,1.3108,151.3323,9/25/2014,28,10/27/2014,222.198688,0.3453,126.11139
DO082,1,Batch3,7/29/2014,M,agouti,140.38865,1.2226,108.783648,107.84392,1.10365,127.606165,80.01545,1.48105,138.4506,9/25/2014,26.1,10/27/2014,162.314738,0.54675,52.27527
DO083,1,Batch3,7/30/2014,M,agouti,130.742959,1.74945,196.024928,149.6884,3.27825,296.75887,134.99736,1.3989,209.9422,9/25/2014,50.2,10/27/2014,162.991687,1.03805,86.04006
DO084,1,Batch1,7/31/2014,M,agouti,141.146165,1.89385,176.170016,164.40576,1.2755,279.62769,133.7454,1.977,208.9513,9/25/2014,34.1,10/29/2014,209.128365,0.47365,118.31679
DO085,1,Batch3,8/1/2014,M,agouti,148.367808,2.1401,134.265888,157.8932,2.82045,271.41605,154.08975,4.7553,154.4518,9/25/2014,48.4,10/29/2014,167.157527,9.5404,78.45804
DO086,1,Batch2,8/2/2014,M,agouti,116.552178,0.782,111.402656,156.30352,0.7427,228.977445,114.44435,0.5316,117.5316,9/25/2014,23.2,10/29/2014,134.195318,0.360133351,153.42792
DO087,1,Batch2,8/3/2014,M,agouti,198.161794,1.3812,209.261536,156.0984,0.96985,152.241085,123.468895,1.4394,200.8406,9/25/2014,25.6,10/29/2014,197.568159,0.14145,111.76224
DO088,1,Batch1,8/4/2014,M,agouti,139.075624,2.1025,222.745888,186.61,6.3615,237.330665,152.5248,9.2177,224.6589,9/25/2014,45,10/31/2014,134.611902,10.606,157.36065
DO089,1,Batch2,8/5/2014,M,agouti,109.886046,1.03415,130.974432,163.12376,2.10145,183.034735,127.537765,3.01195,210.7129,9/25/2014,36.6,10/31/2014,196.005969,1.588407942,91.49628
DO090,1,Batch3,8/6/2014,M,agouti,114.986647,1.29795,158.89872,126.76624,0.37405,135.64083,103.28104,0.4912,140.9462,9/25/2014,24.3,10/31/2014,147.94259,0.0971,39.34332
DO091,1,Batch1,8/7/2014,M,agouti,132.055985,1.4572,268.43696,125.43296,0.4071,150.046595,110.89713,1.9686,191.4821,9/29/2014,30,10/31/2014,149.140269,1.053405267,90.07908
DO092,1,Batch3,8/8/2014,M,agouti,119.582238,0.8999,93.175776,145.0732,1.326,123.641925,150.281705,2.05555,132.5419,9/29/2014,27,11/4/2014,202.339616,0.2632,73.18157
DO093,1,Batch2,8/9/2014,M,black,168.517707,3.2431,117.31312,153.58568,11.8168,127.676955,128.63323,28.2986,109.164,9/29/2014,53.5,11/4/2014,285.03392,0.9785,88.516718
DO094,1,Batch3,8/10/2014,M,agouti,133.621516,2.1401,286.946976,124.61248,0.71045,250.780765,139.37922,1.0585,144.6529,9/29/2014,25,11/4/2014,80.633192,0.1494,43.8432
DO095,1,Batch2,8/11/2014,M,agouti,184.930532,3.3743,207.2088,174.09768,4.64745,232.69392,130.30251,9.2824,120.7979,9/29/2014,41.9,11/4/2014,80.633192,0.3273,107.01969
DO096,1,Batch2,8/12/2014,M,agouti,172.961795,1.4634,223.064416,209.58344,2.3359,262.390325,170.313065,10.4983,253.9822,9/29/2014,37.7,11/6/2014,208.832144,13.8031,115.263232
DO097,1,Batch3,8/13/2014,M,agouti,127.157388,0.77885,159.854304,138.61192,0.50975,101.980185,121.2258,0.50515,243.1924,9/29/2014,24.9,11/6/2014,93.561296,0.10588,56.838478
DO098,1,Batch3,8/14/2014,M,agouti,144.378229,1.63565,147.113184,127.638,0.36475,91.68024,128.581065,1.14305,148.5431,9/29/2014,26,11/6/2014,114.007064,0.21574,50.538828
DO099,1,Batch1,8/15/2014,M,agouti,185.132536,1.968,264.260704,176.8668,1.9455,184.096585,123.83405,2.1332,182.3071,9/29/2014,36.7,11/6/2014,237.991568,0.0804,104.85981
DO100,1,Batch3,8/16/2014,M,agouti,176.951374,1.38955,141.131936,139.27856,4.75955,227.1723,109.43651,1.3752,138.6341,9/29/2014,33.1,11/10/2014,295.513088,0.3958,110.763482
DO101,1,Batch2,8/17/2014,M,agouti,133.571015,1.96685,130.832864,132.97112,0.4202,146.54249,102.34207,0.6622,139.6617,10/1/2014,31.6,11/10/2014,153.19004,0.24296,102.087964
DO102,1,Batch1,8/18/2014,M,black,182.657987,1.6117,141.415072,149.12432,2.59075,167.673305,131.293645,3.6108,257.7256,10/1/2014,37.1,11/10/2014,143.451248,0.33292,109.971526
DO103,1,Batch2,8/19/2014,M,agouti,129.177428,1.13475,121.418592,134.66336,0.4825,212.58956,97.073405,0.1562,91.4012,10/1/2014,21.7,11/10/2014,164.8652,0.04528,53.490664
DO104,1,Batch1,8/20/2014,M,agouti,160.690052,1.8389,156.492064,182.61016,4.83415,156.205325,151.012015,3.877,170.5264,10/1/2014,45.7,11/12/2014,190.20884,0.7804,124.694708
DO105,1,Batch2,8/21/2014,M,agouti,194.273217,1.91165,151.147872,181.02048,3.07035,125.58865,140.787675,5.8258,98.0072,10/1/2014,45.6,11/12/2014,309.067664,1.3886,99.82009
DO106,1,Batch3,8/22/2014,M,agouti,116.65318,1.07235,153.448352,119.84344,0.28455,99.11319,68.12183,0.249,101.09,10/1/2014,35.3,11/12/2014,73.17248,0.19212,96.508274
DO107,1,Batch3,8/23/2014,M,agouti,154.52893,0.66195,92.1848,152.09856,0.493,105.76745,131.45014,0.48755,119.8804,10/1/2014,26.9,11/12/2014,224.721752,0.13416,88.048744
DO108,1,Batch1,8/24/2014,M,agouti,150.48885,2.075,120.604576,156.66248,2.03205,187.494505,109.33218,3.6601,142.561,10/1/2014,39.3,11/14/2014,226.430312,0.20068,116.523162
DO109,1,Batch2,8/25/2014,M,agouti,134.985043,1.87285,202.572448,112.5104,1.4424,183.63645,117.78291,1.1948,207.1897,10/1/2014,23.2,11/14/2014,118.392368,0.05644,77.357338
DO111,1,Batch2,8/27/2014,M,agouti,139.429131,1.50175,214.2872,131.07376,2.06585,147.1796,109.12352,2.9636,201.0608,10/6/2014,36,11/14/2014,142.881728,0.21992,116.955138
DO112,1,Batch3,8/28/2014,M,agouti,117.814703,1.13475,102.413088,110.7156,0.3235,86.51257,119.087035,1.24635,110.3384,10/6/2014,27.9,11/14/2014,150.34244,0.07752,48.450944
DO113,1,Batch3,8/29/2014,M,agouti,127.813901,1.24215,219.914528,127.84312,0.76525,145.091295,96.60392,0.98235,218.9337,10/6/2014,23.6,11/18/2014,168.737936,0.17708,123.650766
DO114,1,Batch2,8/30/2014,M,agouti,110.391056,1.0183,67.127264,187.84072,0.99675,164.204595,96.39526,0.57455,80.0976,10/6/2014,29.4,11/18/2014,189.696272,0.08584,65.298008
DO115,1,Batch3,8/31/2014,M,agouti,131.500474,1.09455,117.49008,125.8432,0.7615,101.484655,69.530285,0.9298,110.0081,10/6/2014,26.6,11/18/2014,123.404144,0.06964,73.937528
DO116,1,Batch1,9/1/2014,M,agouti,157.811495,1.44575,91.47696,164.3032,1.7334,252.23196,147.93428,1.4511,134.7072,10/6/2014,24.2,11/18/2014,118.791032,0.06988,75.593436
DO118,1,Batch2,9/3/2014,M,agouti,204.373417,1.8128,134.725984,171.02088,2.92005,170.150955,168.539455,4.50895,110.6687,10/6/2014,49.2,11/20/2014,245.907896,0.4935,78.58127
DO119,1,Batch2,9/4/2014,M,agouti,155.488449,1.93745,134.619808,141.68872,1.2631,195.38759,122.738585,1.57735,142.4509,10/6/2014,29,11/20/2014,73.742,0.06748,73.577548
DO120,1,Batch2,9/5/2014,M,black,116.855184,0.5931,153.483744,116.40768,0.2472,134.72056,95.1433,0.45145,101.4203,10/6/2014,19.9,11/20/2014,67.363376,0.1181,65.477998
DO121,2,Batch6,10/15/2014,F,agouti,149.374256,0.8442,139.2379,60.12283,0.695733333,120.88583,105.822848,0.212099788,211.878624,2/9/2015,24.5,3/9/2015,115.740883,0.157699842,57.639435
DO122,2,Batch5,10/15/2014,F,agouti,95.326808,1.481575,202.05441,74.487115,0.709666666,132.7588,82.242928,0.533966133,121.144176,2/9/2015,18.9,3/9/2015,191.43122,0.282166385,67.847716
DO123,2,Batch5,10/15/2014,F,agouti,97.490984,0.408725,79.373226,98.03989,0.761066666,142.69479,119.71168,0.682999317,93.352632,2/9/2015,24.7,3/9/2015,132.515773,0.555999444,74.90623
DO124,2,Batch4,10/15/2014,F,agouti,116.968568,2.0537,143.449666,80.069995,1.309633332,145.20569,96.90912,1.419398581,141.42944,2/9/2015,25.1,3/9/2015,135.819918,0.234066433,107.352625
DO125,2,Batch4,10/15/2014,F,white,108.027104,1.246475,125.882642,76.17361,0.612366666,98.07251,72.603664,0.534366132,101.70108,2/9/2015,23.2,3/11/2015,166.472217,0.36009964,93.690985
DO126,2,Batch5,10/15/2014,F,agouti,148.975592,1.3875,172.428056,122.5813,0.978866666,165.29289,162.46648,1.599265067,179.180536,2/9/2015,29.1,3/11/2015,197.480347,0.195733138,116.118844
DO128,2,Batch5,10/15/2014,F,white,107.115872,1.2042,274.302396,112.69495,1.133799999,261.56797,76.283168,0.609166058,146.445832,2/9/2015,21.8,3/11/2015,172.673843,0.204333129,135.548732
DO129,2,Batch4,10/15/2014,F,white,94.643384,0.830975,181.139572,101.76181,1.417799999,148.97204,124.11672,2.115764551,118.105048,2/9/2015,23.6,3/11/2015,170.58969,0.4663662,84.279633
DO130,2,Batch5,10/15/2014,F,agouti,96.351944,1.1899,150.361282,85.12948,1.073799999,100.69102,86.907088,0.927032406,105.472528,2/9/2015,22.6,3/13/2015,196.412854,0.211133122,90.996606
DO131,2,Batch4,10/15/2014,F,agouti,76.077032,0.5684,96.40028,89.78188,0.677799999,117.11948,99.293024,0.313599686,126.96612,2/9/2015,22.8,3/13/2015,170.793022,0.066425,40.486487
DO132,2,Batch6,10/15/2014,F,black,164.922152,0.81265,80.777148,83.326675,0.920299999,71.09827,121.214576,0.823165844,74.934784,2/11/2015,25.1,3/13/2015,170.691356,0.138366528,46.140888
DO133,2,Batch5,10/15/2014,F,agouti,138.154712,0.2814,136.286064,111.53185,0.498066666,94.23442,115.773056,0.29039971,130.115096,2/11/2015,23.5,3/13/2015,154.170631,0.080166587,129.135351
DO137,2,Batch6,10/15/2014,F,white,87.866096,1.093125,146.653488,94.78321,0.976699999,114.39336,83.486704,0.703399297,101.371536,2/11/2015,24.9,3/17/2015,156.051452,0.132699867,62.193315
DO138,2,Batch6,10/15/2014,F,agouti,84.164216,0.7453,121.2389,103.50646,0.632966666,135.41318,107.999456,0.962399038,114.809608,2/11/2015,20,3/17/2015,147.003178,0.087499913,55.817883
DO140,2,Batch5,10/15/2014,F,agouti,77.102168,0.6512,111.411446,105.71635,0.860066666,147.32202,103.801712,0.485132848,108.438424,2/11/2015,21,3/17/2015,108.522597,0.0276875,29.405379
DO141,2,Batch4,10/15/2014,F,white,105.521216,1.20255,212.457832,120.080635,2.107599998,106.03565,86.855264,0.34716632,100.492752,2/11/2015,25.8,3/17/2015,105.116786,0.019933313,34.604392
DO142,2,Batch5,10/15/2014,F,agouti,127.618592,1.20365,90.46061,123.569935,1.795799998,90.7909,133.70416,2.708697291,141.392824,2/11/2015,32.2,3/19/2015,256.700792,0.190166477,66.861042
DO143,2,Batch6,10/15/2014,F,chinchilla,94.187768,0.7509,191.542994,92.747785,0.849833332,137.67299,117.275952,2.008197992,154.501352,2/13/2015,21.8,3/19/2015,218.118545,0.100233233,103.519776
DO144,2,Batch5,10/15/2014,F,white,104.666936,1.2506,117.6391,112.055245,1.214099999,227.77843,87.684448,0.840332493,100.23644,2/13/2015,28.2,3/19/2015,133.379934,0.0328,67.088736
DO145,2,Batch5,10/15/2014,F,agouti,88.777328,1.290625,83.225012,100.424245,0.982799999,108.0085,94.266096,1.028665638,124.512848,2/13/2015,30.1,3/19/2015,214.661901,0.322033011,206.892852
DO146,2,Batch5,10/15/2014,F,chinchilla,92.991776,0.683275,80.20118,89.491105,0.721999999,61.7362,128.988176,1.104865562,102.06724,2/13/2015,23.3,3/23/2015,157.271444,0.107299893,76.082649
DO147,2,Batch4,10/15/2014,F,black,68.502416,0.55135,104.895808,63.84475,0.4654,113.56835,83.745824,0.379132954,112.100024,2/13/2015,22.9,3/23/2015,202.156983,0.0958125,83.179112
DO148,2,Batch6,10/15/2014,F,agouti,85.588016,0.8417,187.583214,72.858775,1.408566665,179.82024,75.868576,0.569666097,263.141024,2/13/2015,24.4,3/23/2015,127.127475,0.094275,81.471407
DO149,2,Batch4,10/15/2014,F,agouti,100.851152,0.50895,70.589714,96.29524,0.4946,85.33866,101.8324,0.234033099,96.355144,2/13/2015,20.1,3/23/2015,123.924996,0.050075,48.683471
DO150,2,Batch5,10/15/2014,F,agouti,96.921464,0.5789,116.451166,71.346745,0.420566666,103.23779,115.151168,0.481799518,77.35144,2/13/2015,20.6,3/25/2015,195.548693,2.005997994,77.107272
DO151,2,Batch6,10/15/2014,F,agouti,124.087568,0.9164,138.985914,99.3193,0.716433333,104.13454,93.851504,0.273933059,84.015552,2/13/2015,22.4,3/25/2015,83.004431,0.0463,34.642341
DO152,2,Batch5,10/15/2014,F,agouti,104.894744,1.90155,153.673098,117.46366,1.399433332,97.49859,110.072416,3.074830259,146.152904,2/13/2015,29.1,3/25/2015,190.41456,0.121333212,63.369734
DO153,2,Batch5,10/15/2014,F,agouti,110.134328,0.438825,105.075798,75.47575,0.736333333,118.80537,102.35064,0.66019934,163.655352,2/17/2015,19.9,3/25/2015,159.508096,0.125799874,51.036309
DO154,2,Batch6,10/15/2014,F,agouti,128.643728,0.871225,160.29673,95.539225,1.337999999,240.65576,97.68648,2.401797598,219.201824,2/17/2015,20.2,3/27/2015,203.376975,0.521932811,78.625232
DO155,2,Batch6,10/15/2014,F,white,97.66184,0.526575,81.82109,64.833385,0.494166666,77.519,76.075872,0.340732993,86.249128,2/17/2015,19.1,3/27/2015,81.530274,0.071799928,40.714181
DO156,2,Batch6,10/15/2014,F,agouti,113.32364,0.50745,154.753038,57.91294,0.637799999,141.7263,80.32544,0.411132922,106.021768,2/17/2015,27.3,3/27/2015,160.728088,0.0589,179.607521
DO157,2,Batch6,10/15/2014,F,agouti,102.388856,1.66845,107.307674,86.467045,0.822566666,103.56062,114.373808,1.251532082,99.723816,2/17/2015,24.1,3/27/2015,122.80667,0.200033133,50.808615
DO158,2,Batch5,10/15/2014,F,agouti,85.98668,0.438825,64.866032,79.488445,0.318133333,64.13949,115.151168,0.415466251,68.160824,2/17/2015,19.2,3/31/2015,178.824636,0.209133124,97.220242
DO159,2,Batch5,10/15/2014,F,agouti,89.517704,0.844575,185.783314,80.82601,1.194166665,155.17755,116.550416,0.827665839,132.6416,2/17/2015,22.8,3/31/2015,184.517932,0.086199914,113.955751
DO160,2,Batch6,10/15/2014,F,white,90.201128,0.40495,121.05891,116.64949,1.628066665,91.97461,112.611792,0.627932705,149.228648,2/17/2015,26.3,3/31/2015,176.587984,0.19333314,91.110453
DO161,2,Batch4,10/15/2014,F,black,90.656744,0.60875,94.492386,62.21641,0.496766666,58.79486,104.838192,0.5335328,104.850056,2/17/2015,21,3/31/2015,131.905777,0.077966589,48.759369
DO162,2,Batch4,10/15/2014,F,black,108.938336,1.071275,158.280842,88.50247,2.165099998,134.73165,148.21488,4.2637,175.811864,2/17/2015,25.2,4/2/2015,133.329101,0.51333282,66.974889
DO163,2,Batch6,10/15/2014,F,white,116.854664,1.50685,174.731928,77.511175,2.443033331,135.73601,97.479184,2.073797926,165.596,2/19/2015,24.5,4/2/2015,206.731953,0.176299824,63.749224
DO164,2,Batch4,10/15/2014,F,white,99.199544,0.55495,107.415668,79.255825,0.633366666,74.54179,119.297088,0.579232754,81.305968,2/19/2015,17.9,4/2/2015,152.848973,0.045866621,43.598305
DO165,2,Batch6,10/15/2014,F,white,99.484304,1.0569,216.129628,83.0359,1.762366665,124.58044,108.258576,0.482199518,122.535584,2/19/2015,21.8,4/2/2015,134.447427,0.1188875,98.965896
DO166,2,Batch6,10/15/2014,F,agouti,107.856248,0.969325,131.31834,70.70704,1.791333332,116.04338,79.28896,0.363499637,70.907024,2/19/2015,22.2,4/6/2015,132.109109,0.095166572,52.098881
DO167,2,Batch5,10/15/2014,F,agouti,101.64848,0.87905,62.490164,73.14955,0.787899999,90.14524,109.398704,0.372432961,101.115224,2/19/2015,21.7,4/6/2015,157.932273,0.089633244,37.602363
DO168,2,Batch6,10/15/2014,F,white,105.692072,1.1615,146.07752,110.48506,0.887266666,113.0303,205.013984,0.651366015,130.99388,2/19/2015,25,4/6/2015,148.375669,0.11019989,74.336995
DO169,2,Batch5,10/15/2014,F,white,125.397464,0.514325,62.454166,56.74984,0.405633333,53.73719,103.283472,0.167733166,49.230352,2/19/2015,17.8,4/6/2015,67.042869,0.110633223,40.37264
DO170,2,Batch4,10/15/2014,F,white,147.096176,1.1377,154.53705,89.66557,1.109866666,92.62027,91.4676,0.633799366,175.226008,2/19/2015,23.8,4/9/2015,171.250519,0.105233228,66.823093
DO171,2,Batch4,10/15/2014,M,agouti,143.736008,1.80515,156.15696,119.90617,1.868099998,133.4762,168.737184,3.57088,128.43076,2/10/2015,38.3,3/10/2015,232.351785,0.441032892,78.32164
DO172,2,Batch6,10/15/2014,M,agouti,144.704192,1.978675,118.395058,127.175545,2.924566664,126.6609,135.362528,2.01808,106.937168,2/10/2015,45.8,3/10/2015,196.311188,0.469532864,109.971106
DO173,2,Batch6,10/15/2014,M,agouti,124.543184,1.2154,135.81809,132.758425,0.759066666,240.94272,160.65264,1.99896,221.25232,2/10/2015,33,3/10/2015,115.486718,0.27686639,50.694768
DO174,2,Batch4,10/15/2014,M,agouti,81.14576,1.3283,116.415168,93.096715,1.245966665,103.91932,115.202992,0.747,77.497904,2/10/2015,21.9,3/10/2015,152.594808,0.213099787,64.508204
DO175,2,Batch4,10/15/2014,M,agouti,96.864512,2.461025,185.207346,112.055245,3.048299997,194.92151,122.769296,2.9257,191.2272,2/10/2015,29.8,3/12/2015,181.77295,0.564332769,59.498936
DO176,2,Batch6,10/15/2014,M,agouti,103.92656,0.55585,97.516218,120.080635,0.649033333,99.07687,92.607728,0.41056,100.749064,2/10/2015,27.4,3/12/2015,153.153971,0.111033222,62.876397
DO177,2,Batch5,10/15/2014,M,agouti,100.908104,0.5753,70.337728,110.659525,1.278166665,91.75939,106.392912,0.7862,100.05336,2/10/2015,31.4,3/12/2015,159.762261,0.175099825,106.707492
DO178,2,Batch6,10/15/2014,M,white,123.575,1.211475,153.025134,79.488445,1.581433332,116.36621,140.078512,2.74188,160.140216,2/10/2015,32.4,3/12/2015,153.560635,1.654398346,137.028743
DO179,2,Batch5,10/15/2014,M,agouti,145.50152,1.811225,228.296952,123.04654,2.166366665,279.32362,153.604576,1.42024,218.286424,2/10/2015,31.8,3/16/2015,262.851585,0.269633064,93.083801
DO180,2,Batch4,10/15/2014,M,agouti,102.844472,2.3275,144.853588,72.277225,2.566766664,122.75107,80.377264,1.38652,118.105048,2/10/2015,36.9,3/16/2015,149.697327,0.441032892,72.287749
DO181,2,Batch5,10/15/2014,M,white,113.494496,2.41115,198.238622,108.449635,2.151033331,224.08382,113.181856,3.77276,200.417816,2/12/2015,29.3,3/16/2015,189.702898,0.260833073,63.711275
DO182,2,Batch6,10/15/2014,M,white,137.357384,2.214775,199.318562,116.53318,5.7848,187.71164,159.564336,9.4405,150.620056,2/12/2015,31.8,3/16/2015,201.241989,0.960165707,103.254133
DO183,2,Batch4,10/15/2014,M,agouti,175.287416,1.45095,296.621156,238.833145,1.590899998,145.60026,136.502656,3.27548,259.51604,2/12/2015,36.9,3/18/2015,191.227888,0.93632397,67.202583
DO184,2,Batch6,10/15/2014,M,agouti,119.702264,0.984325,128.582492,134.619385,1.095699999,126.58916,137.487312,2.17416,128.211064,2/12/2015,27.5,3/18/2015,269.256543,0.09686657,102.267459
DO185,2,Batch6,10/15/2014,M,agouti,110.988608,1.683925,156.51694,95.539225,1.353033332,118.37493,85.870608,0.02648,101.298304,2/12/2015,22.3,3/18/2015,124.992489,0.173899826,59.840477
DO186,2,Batch6,10/15/2014,M,agouti,112.583264,1.112625,135.530106,88.095385,0.408066666,191.40625,106.911152,0.53252,191.190584,2/12/2015,30.4,3/18/2015,199.310335,0.0706625,169.513087
DO187,2,Batch6,10/15/2014,M,agouti,136.787864,1.683925,266.526828,112.985725,1.785999998,402.60881,108.465872,0.43348,126.929504,2/12/2015,30,3/20/2015,137.802405,0.079733254,116.953722
DO188,2,Batch4,10/15/2014,M,agouti,147.21008,1.029325,283.265898,111.64816,1.374199999,167.12226,129.713712,1.24928,135.607496,2/12/2015,28.6,3/20/2015,289.945574,0.145999854,121.393755
DO189,2,Batch5,10/15/2014,M,WSB,115.260008,1.289375,781.190234,115.195615,0.692933333,291.48355,134.533344,0.69456,233.042672,2/12/2015,28.4,3/20/2015,167.285545,0.134333199,99.686927
DO190,2,Batch5,10/15/2014,M,agouti,141.970496,1.4456,202.846366,110.60137,1.280366665,131.43161,127.22616,1.42164,249.776184,2/12/2015,35.1,3/20/2015,164.693062,0.076233257,141.051337
DO191,2,Batch5,10/15/2014,F,agouti,73.798952,0.347025,76.2414,85.071325,0.4854,82.21797,111.989904,0.1932,124.329768,2/16/2015,17.6,3/24/2015,149.443162,0.078866588,61.813825
DO192,2,Batch4,10/15/2014,M,agouti,108.48272,1.286275,175.05591,195.682135,2.982166664,119.80973,177.184496,6.4576,126.96612,2/16/2015,38.2,3/24/2015,257.209122,0.665599334,151.031924
DO193,2,Batch5,10/15/2014,M,agouti,105.407312,0.8324,367.033244,113.50912,0.890199999,176.73542,164.79856,1.56124,207.88748,2/16/2015,32.7,3/24/2015,221.016026,0.142399858,194.521478
DO194,2,Batch5,10/15/2014,M,agouti,121.923392,0.81615,92.008524,92.68963,1.194666665,92.72788,122.924768,0.75252,84.85772,2/16/2015,24.1,3/24/2015,175.16466,0.107733226,64.546153
DO195,2,Batch5,10/15/2014,M,black,164.58044,1.9892,234.920584,78.906895,0.783499999,71.49284,144.224432,1.06028,116.53056,2/16/2015,26.5,3/26/2015,172.826342,0.248033085,72.2498
DO196,2,Batch6,10/15/2014,M,agouti,112.981928,1.5433,234.848588,69.66025,1.209466665,136.77624,87.5808,0.9176,118.764136,2/16/2015,27.6,3/26/2015,159.660595,0.0997999,106.214155
DO197,2,Batch4,10/15/2014,M,agouti,116.968568,1.3563,194.818812,89.956345,0.859233332,119.63038,102.972528,0.68908,157.467248,2/16/2015,36.2,3/26/2015,145.935685,1.2669654,145.339574
DO199,2,Batch4,10/15/2014,M,agouti,102.388856,0.6994,148.525384,101.87812,0.470766666,88.13652,123.33936,0.69808,94.37788,2/16/2015,22.1,3/26/2015,148.934832,0.079299921,59.650732
DO200,2,Batch6,10/15/2014,M,black,157.518392,1.713625,367.46522,98.563285,2.632266664,346.22117,167.752528,8.2204,136.889056,2/16/2015,37.7,3/30/2015,187.618745,0.768332565,75.399567
DO201,2,Batch4,10/15/2014,M,agouti,140.034128,1.1082,131.246344,135.200935,2.158666665,119.80973,223.981568,5.9722,151.791768,2/16/2015,37.1,3/30/2015,374.023356,5.014661652,64.925643
DO202,2,Batch5,10/15/2014,M,black,184.741448,2.026375,279.306118,158.05585,2.760266664,187.56816,281.66168,12.9665,165.22984,2/18/2015,41.9,3/30/2015,238.807576,0.455532878,114.600884
DO203,2,Batch4,10/15/2014,M,agouti,102.616664,7.8966,254.179514,75.94099,13.9459,143.37632,132.045792,5.5419,112.612648,2/18/2015,38.9,3/30/2015,130.93995,0.372399628,66.709246
DO204,2,Batch4,10/15/2014,M,agouti,127.789448,0.8165,96.436278,118.103365,0.640599999,99.14861,119.45256,0.53148,71.932272,2/18/2015,22.5,4/1/2015,147.20651,0.0616125,47.658848
DO205,2,Batch4,10/15/2014,M,agouti,131.719136,2.3432,143.233678,137.061895,5.0666,200.05092,92.452256,2.8681,187.492368,2/18/2015,33.7,4/1/2015,158.694768,0.165966501,40.37264
DO206,2,Batch4,10/15/2014,M,agouti,162.0176,1.862925,88.588714,152.12404,2.939999997,122.10541,118.778848,0.8309,82.148136,2/18/2015,30.5,4/1/2015,174.148,0.108966558,95.170996
DO207,2,Batch4,10/15/2014,M,agouti,127.333832,0.78135,134.054188,120.894805,0.777466666,77.8777,118.727024,1.67388,83.795856,2/18/2015,32.8,4/1/2015,237.079254,0.171933161,82.420132
DO208,2,Batch5,10/15/2014,M,agouti,164.466536,3.1077,90.892586,164.976295,1.838733331,155.42864,116.084,1.49596,83.94232,2/18/2015,37.3,4/3/2015,136.582413,0.400966266,49.062961
DO209,2,Batch4,10/15/2014,M,agouti,147.608744,2.316475,176.31584,147.995035,1.828499998,125.72828,136.8136,1.50108,150.327128,2/18/2015,32,4/3/2015,252.43082,0.621432712,113.955751
DO210,2,Batch4,10/15/2014,M,agouti,130.921808,6.2327,174.659932,128.687575,3.244366663,156.32539,112.45632,4.0882,133.00776,2/18/2015,47,4/3/2015,189.143735,0.290599709,106.555696
DO211,2,Batch4,10/15/2014,M,agouti,149.260352,1.511,146.473498,136.42219,1.123699999,106.46609,210.300032,2.03096,209.571816,2/18/2015,39.9,4/3/2015,235.706763,0.468632865,92.666362
DO212,2,Batch6,10/15/2014,M,agouti,177.10988,1.2619,107.811646,144.09865,0.757866666,146.89158,187.652944,2.17776,173.065664,2/20/2015,32.1,4/7/2015,164.99806,0.717332616,73.046729
DO213,2,Batch5,10/15/2014,M,agouti,169.079648,2.394275,173.507996,169.628695,2.247999998,148.75682,10.052096,2.8646,96.428376,2/20/2015,37,4/7/2015,230.0643,0.43265,62.990244
DO214,2,Batch4,10/15/2014,M,agouti,156.664112,2.2306,152.37717,113.62543,3.231166663,124.61631,145.986448,1.36488,131.17696,2/20/2015,36,4/7/2015,235.706763,0.310133023,88.340176
DO215,2,Batch6,10/15/2014,M,black,148.007408,4.8152,219.657432,144.622045,2.93743333,202.56182,180.812176,3.9223,104.740208,2/20/2015,46.3,4/7/2015,288.674749,0.277266389,101.660275
DO216,2,Batch6,10/15/2014,M,white,134.851496,1.865525,212.49383,116.823955,1.568499998,133.79903,145.416384,2.59268,147.617544,2/20/2015,35.3,4/8/2015,304.636311,0.848699151,136.38361
DO217,2,Batch5,10/15/2014,M,agouti,130.807904,2.12165,182.327506,131.8861,1.538933332,158.65694,181.330416,1.74296,169.916688,2/20/2015,33,4/8/2015,224.167672,0.130666536,146.667789
DO218,2,Batch4,10/15/2014,M,agouti,142.93868,1.35155,149.569326,112.69495,1.388533332,197.25306,132.201264,1.67636,167.06064,2/20/2015,30.3,4/8/2015,193.413707,0.226166441,70.390299
DO219,2,Batch6,10/15/2014,M,agouti,161.618936,1.3342,203.638322,130.83931,1.374799999,121.9978,117.949664,0.84356,95.696056,2/20/2015,40.7,4/8/2015,200.987824,0.212699787,67.657971
DO220,2,Batch6,10/15/2014,M,agouti,127.447736,1.47125,207.562104,152.647435,1.498733332,212.49781,137.280016,1.0046,134.216088,2/20/2015,31.3,4/9/2015,163.015573,0.087933245,66.747195
DO221,3,Batch9,2/25/2015,F,agouti,110.505084,0.70405,133.309741,108.1782,0.938475,157.323292,112.5588,1.29745,78.733168,6/22/2015,24.8,7/20/2015,130.869276,0.2124,90.428246
DO222,3,Batch8,2/25/2015,F,agouti,114.520891,0.31845,63.597428,79.75645,0.45675,107.963958,107.761,1.0082,134.493675,6/22/2015,20.3,7/20/2015,116.068163,0.569566667,159.26156
DO223,3,Batch9,2/25/2015,F,agouti,180.146294,2.7367,229.624303,105.51855,1.9218,116.992202,125.85705,1.30395,91.75752,6/22/2015,20.9,7/20/2015,137.822112,0.577166667,93.814046
DO224,3,Batch9,2/25/2015,F,agouti,116.503378,0.285875,150.993975,95.71435,0.58155,149.84909,83.51125,0.334075,160.320373,6/22/2015,21.5,7/20/2015,85.254458,0.162766667,53.96318
DO225,3,Batch8,2/25/2015,F,white,117.265873,0.723375,171.106945,115.2706,2.365125,141.782872,80.90375,0.544875,103.96785,6/22/2015,24.9,7/22/2015,110.958882,1.366933333,97.80929
DO226,3,Batch8,2/25/2015,F,agouti,114.266726,0.385,134.144619,101.65945,0.70515,154.363212,62.85985,1.190875,127.833495,6/22/2015,23.8,7/22/2015,94.630252,0.074133333,94.897502
DO227,3,Batch7,2/25/2015,F,agouti,103.947627,0.6909,72.743137,61.5561,0.82435,196.766358,118.191,1.05575,133.161639,6/22/2015,19.6,7/22/2015,121.80952,0.429166667,78.916526
DO228,3,Batch7,2/25/2015,F,agouti,115.385052,0.672875,127.920983,123.406,0.995,163.650463,121.6329,1.47795,139.414808,6/22/2015,21.5,7/22/2015,81.145964,0.341266667,101.36438
DO229,3,Batch8,2/25/2015,F,agouti,156.153118,0.926175,117.067569,139.3639,2.154175,111.36805,126.48285,2.076275,107.926957,6/22/2015,26.4,7/24/2015,121.019425,1.797766667,131.125562
DO230,3,Batch9,2/25/2015,F,agouti,113.1484,0.390375,123.253256,97.0181,1.1149,154.733222,136.28705,0.662075,102.746817,6/22/2015,21.1,7/24/2015,87.835435,0.496733333,77.83307
DO231,3,Batch7,2/25/2015,F,white,124.33166,1.137125,143.366226,100.51215,0.898675,138.637787,96.3923,0.637525,79.473188,6/24/2015,17.5,7/24/2015,79.249736,0.197933333,88.15976
DO232,3,Batch9,2/25/2015,F,black,137.03991,1.30265,111.678811,114.48835,0.763075,107.815954,112.61095,0.634325,97.418673,6/24/2015,24.6,7/24/2015,65.44941,0.223033333,73.566962
DO233,3,Batch9,2/25/2015,F,agouti,85.596914,0.29975,143.669818,78.557,0.41025,99.52773,75.3237,0.29945,93.718573,6/24/2015,17.4,7/28/2015,90.995815,0.208133333,131.938154
DO234,3,Batch9,2/25/2015,F,agouti,124.229994,1.16885,202.41487,123.406,2.0345,159.987364,102.9632,2.24595,111.923065,6/24/2015,25.8,7/28/2015,120.703387,1.371766667,114.873722
DO235,3,Batch9,2/25/2015,F,agouti,114.775056,1.4156,154.371436,107.2395,2.0534,111.36805,98.9998,2.394825,169.45962,6/24/2015,19.9,7/28/2015,158.627947,0.891133333,110.065886
DO236,3,Batch8,2/25/2015,F,agouti,80.462781,0.357325,134.220517,72.6119,0.3903,91.683518,110.42065,0.571375,84.653328,6/24/2015,20,7/28/2015,107.429791,0.3293,50.06951
DO237,3,Batch8,2/25/2015,F,agouti,98.000166,0.25675,145.87086,101.13795,0.686075,192.215235,122.62375,0.5361,105.07788,6/24/2015,20.5,8/5/2015,103.321297,0.290433333,76.885046
DO238,3,Batch7,2/25/2015,F,agouti,116.300046,1.1615,165.832034,150.0025,1.679575,140.376834,117.61735,1.3432,130.164558,6/24/2015,29.6,8/5/2015,131.079968,1.286,139.149908
DO239,3,Batch7,2/25/2015,F,agouti,93.069365,0.218875,97.523834,100.1471,0.515725,156.916281,90.5515,0.47255,109.592002,6/24/2015,20.3,8/5/2015,94.577579,0.294566667,90.428246
DO240,3,Batch8,2/25/2015,F,agouti,117.825036,0.76865,127.162003,137.7994,1.731925,161.393402,149.53315,2.369775,142.44889,6/24/2015,26.6,8/5/2015,127.024147,2.8402,159.667856
DO241,3,Batch9,2/25/2015,F,agouti,91.646041,0.812975,163.744839,109.79485,1.592975,137.971769,142.64935,5.2472,137.897767,6/26/2015,40.1,8/7/2015,130.816603,2.0043,173.752784
DO242,3,Batch9,2/25/2015,F,agouti,152.543975,2.5262,171.220792,133.05375,0.863,146.963012,87.26605,0.4964,104.781872,6/26/2015,23,8/7/2015,113.803224,0.402033333,80.54171
DO243,3,Batch8,2/25/2015,F,white,126.619145,1.83515,138.470805,123.14525,1.094475,94.421592,156.62555,1.384025,111.516054,6/26/2015,22.1,8/7/2015,95.789058,0.8981,80.88029
DO244,3,Batch7,2/25/2015,F,agouti,104.303458,0.444375,99.990519,96.75735,1.8538,124.577407,97.27885,1.464,102.783818,6/26/2015,31.5,8/7/2015,147.145233,0.562,152.252954
DO245,3,Batch8,2/25/2015,F,agouti,106.489277,0.55655,170.15822,144.4746,0.62445,164.908497,98.94765,0.383375,96.900659,6/26/2015,17.9,8/11/2015,105.428217,0.132266667,156.315914
DO246,3,Batch8,2/25/2015,F,agouti,94.086025,1.580525,167.160249,98.2697,1.280525,168.127584,102.18095,0.46875,81.212235,6/26/2015,19.8,8/11/2015,132.502139,0.361033333,91.139264
DO247,3,Batch9,2/25/2015,F,black,87.325236,1.07025,130.956903,103.589,1.41725,144.039933,95.19285,2.6208,105.558893,6/26/2015,32.4,8/11/2015,158.259236,4.4964,107.831258
DO248,3,Batch7,2/25/2015,F,white,87.579401,0.210375,95.664333,70.78665,0.38075,127.870496,89.76925,0.768375,217.745925,6/26/2015,18,8/11/2015,48.225339,0.117866667,109.896596
DO249,3,Batch9,2/25/2015,F,black,83.461928,0.21855,106.441849,112.40235,0.429675,117.177207,112.8717,0.99065,115.919173,6/26/2015,23.1,8/13/2015,156.257662,1.868133333,83.825936
DO250,3,Batch8,2/25/2015,F,agouti,118.282533,0.8246,198.506123,79.02635,0.4352,101.784791,74.0721,0.664025,112.959093,6/26/2015,21.7,8/13/2015,151.148381,0.2702,91.274696
DO251,3,Batch8,2/25/2015,F,white,84.376922,0.288775,119.382458,94.67135,0.781925,125.502432,104.632,1.8291,129.720546,6/30/2015,23.4,8/13/2015,143.194758,0.874366667,103.531292
DO252,3,Batch8,2/25/2015,F,black,87.579401,0.83765,93.083801,74.95865,1.9773,135.159693,104.68415,1.7346,182.372969,6/30/2015,23.1,8/13/2015,82.778827,0.484533333,91.003832
DO253,3,Batch8,2/25/2015,F,agouti,109.539257,0.385375,83.672449,86.2752,0.537325,120.840306,69.5872,0.9653,107.112935,6/30/2015,28.3,8/17/2015,104.058719,0.921566667,128.890934
DO254,3,Batch8,2/25/2015,F,agouti,92.154371,0.313825,130.805107,104.9449,0.6372,156.805278,110.3685,0.540625,100.859766,6/30/2015,22.6,8/17/2015,108.64127,0.257166667,95.845526
DO255,3,Batch7,2/25/2015,F,agouti,100.897647,0.342925,66.443603,96.1837,2.0182,124.244398,122.51945,5.0396,83.802305,6/30/2015,30.6,8/17/2015,122.757634,1.130733333,84.130658
DO256,3,Batch7,2/25/2015,F,white,112.233406,2.324325,153.08117,152.61,2.637975,228.439214,124.7619,4.8884,131.792602,6/30/2015,30.4,8/17/2015,240.8505,1.440133333,100.450214
DO257,3,Batch9,2/25/2015,F,agouti,122.908336,0.51425,88.643768,53.9422,0.31535,83.062285,64.3722,0.933925,105.743898,6/30/2015,21.8,8/19/2015,119.491908,0.573066667,101.19509
DO258,3,Batch8,2/25/2015,F,white,105.167619,1.031575,149.400117,93.83695,0.45325,87.3174,72.0904,0.346875,74.663058,6/30/2015,26.7,8/19/2015,138.928245,1.245566667,91.105406
DO259,3,Batch7,2/25/2015,F,agouti,85.139417,0.18865,61.965621,139.9897,0.3848,143.55892,73.70705,0.827325,113.58811,6/30/2015,21.4,8/19/2015,136.715979,0.549866667,76.885046
DO260,3,Batch7,2/25/2015,F,agouti,126.669978,0.6864,282.525209,106.718,0.74275,224.628111,129.50755,0.941375,104.744871,6/30/2015,24,8/19/2015,92.83937,0.310633333,87.279452
DO261,3,Batch9,2/25/2015,F,white,144.461528,1.40405,145.984707,109.48195,0.884025,184.445025,152.14065,2.026325,133.272642,7/2/2015,30.2,8/21/2015,134.97777,1.824366667,126.825596
DO262,3,Batch7,2/25/2015,F,agouti,101.100979,1.1675,172.05567,89.8214,1.424575,163.095448,98.0611,1.145325,91.38751,7/2/2015,26,8/21/2015,187.703443,1.267233333,91.71485
DO263,3,Batch8,2/25/2015,F,agouti,101.609309,0.477475,84.583225,97.1224,0.783375,145.260966,110.1599,0.87385,112.293075,7/2/2015,24,8/21/2015,124.337824,0.489533333,109.99817
DO264,3,Batch8,2/25/2015,F,white,89.511055,0.61335,75.209822,155.26965,1.800175,104.70787,107.91745,1.65935,123.57838,7/2/2015,22.3,8/21/2015,88.678203,0.269666667,75.12443
DO265,3,Batch7,2/25/2015,F,agouti,96.322677,0.470725,56.425067,99.67775,0.602375,117.473215,107.2395,1.408025,95.050609,7/2/2015,25.9,8/25/2015,110.853536,0.333466667,106.002926
DO266,3,Batch8,2/25/2015,F,agouti,114.520891,1.232425,93.577138,105.93575,2.2873,144.483945,94.87995,2.659125,95.864631,7/2/2015,27,8/25/2015,129.763143,1.166966667,100.111634
DO267,3,Batch9,2/25/2015,F,agouti,98.203498,0.49715,102.571051,105.41425,0.644575,78.992175,112.71525,1.44955,92.460539,7/2/2015,22,8/25/2015,142.193971,1.044733333,92.527442
DO268,3,Batch9,2/25/2015,F,white,99.220158,0.715625,230.648926,75.89735,0.57845,113.403105,101.65945,0.9636,150.848117,7/2/2015,21.7,8/25/2015,96.157769,0.491166667,131.193278
DO269,3,Batch8,2/25/2015,F,black,78.276962,0.5959,86.404777,83.92845,1.942175,99.601732,89.56065,2.6705,85.393348,7/2/2015,26,8/27/2015,106.587023,2.5178,109.795022
DO270,3,Batch7,2/25/2015,F,white,99.270991,0.509725,140.861592,142.5972,0.920425,136.121719,112.08945,0.65915,107.371942,7/2/2015,23.4,8/27/2015,110.958882,0.318933333,101.736818
DO271,3,Batch7,2/25/2015,M,agouti,142.682373,1.582998417,102.722847,92.48105,2.7936,155.362239,100.0428,3.2935,169.866631,6/23/2015,40.1,7/21/2015,173.639752,5.7447,207.983222
DO272,3,Batch9,2/25/2015,M,white,135.51492,1.565098435,185.755259,201.5267,2.226475,195.064312,149.5853,1.953025,131.089583,6/23/2015,33.3,7/21/2015,121.967539,1.756466667,91.105406
DO273,3,Batch9,2/25/2015,M,agouti,160.575589,2.121631212,174.522355,173.10495,4.8884,275.948498,126.69145,3.2243,150.108097,6/23/2015,26.5,7/21/2015,125.918014,1.2607,129.771242
DO274,3,Batch7,2/25/2015,M,white,132.109109,1.037498963,133.765129,206.89815,1.695025,145.926984,142.64935,0.8088,102.598813,6/23/2015,25.2,7/21/2015,130.447892,0.6189,100.51793
DO275,3,Batch9,2/25/2015,M,agouti,135.972417,0.998699001,199.416899,94.202,0.602075,267.031257,118.03455,1.60005,157.915308,6/23/2015,31.4,7/23/2015,114.066589,0.749266667,95.43923
DO276,3,Batch8,2/25/2015,M,agouti,113.910895,1.818464848,115.89115,148.0208,1.540925,135.381699,96.86165,1.43395,126.427457,6/23/2015,22.6,7/23/2015,123.811094,0.512366667,78.577946
DO277,3,Batch8,2/25/2015,M,agouti,124.636658,1.54333179,226.398638,154.3831,0.304475,144.853955,168.5679,1.701075,113.773115,6/23/2015,25.6,7/23/2015,148.936115,0.735166667,89.34479
DO278,3,Batch7,2/25/2015,M,white,98.000166,1.27999872,124.695318,143.90095,1.423225,120.692302,139.62465,1.531275,112.552082,6/23/2015,24.6,7/23/2015,87.519397,0.686133333,106.341506
DO279,3,Batch9,2/25/2015,M,agouti,146.291516,1.682364984,233.381254,243.82035,11.2575,326.195856,160.17175,17.6017,179.153882,6/23/2015,39,7/27/2015,130.605911,7.828,97.64
DO280,3,Batch9,2/25/2015,M,agouti,102.9818,0.752999247,152.853476,197.6676,1.21935,306.289318,124.29255,2.137425,160.394375,6/23/2015,27.1,7/27/2015,102.583875,0.532133333,130.177538
DO281,3,Batch7,2/25/2015,M,agouti,135.362421,1.118865548,157.027866,145.88265,1.8679,105.928903,110.3685,2.3791,99.712735,6/25/2015,32.4,7/27/2015,141.087838,2.020233333,107.221814
DO282,3,Batch7,2/25/2015,M,agouti,152.950639,1.063665603,115.018323,137.85155,3.7155,533.068447,159.44165,3.8458,244.238641,6/25/2015,35.5,7/27/2015,257.337149,5.4612,126.791738
DO283,3,Batch7,2/25/2015,M,agouti,156.203951,0.912832421,166.097677,138.37305,1.1509,140.783845,103.4847,0.914325,114.180126,6/25/2015,23.6,8/4/2015,135.715192,0.195733333,99.129752
DO284,3,Batch7,2/25/2015,M,agouti,142.021544,0.735965931,81.167815,148.2294,1.174075,198.098394,176.85975,1.994175,99.268723,6/25/2015,29.4,8/4/2015,161.208924,2.7775,109.354868
DO285,3,Batch9,2/25/2015,M,agouti,124.738324,0.567266099,66.481552,110.52495,0.400425,81.249236,98.5826,1.370025,83.839306,6/25/2015,31,8/4/2015,168.214433,0.8774,95.43923
DO286,3,Batch9,2/25/2015,M,agouti,129.262461,0.793199207,73.236474,106.45725,1.179825,179.486891,127.21295,1.954125,140.154828,6/25/2015,26.8,8/4/2015,189.810363,2.6755,181.980278
DO287,3,Batch7,2/25/2015,M,agouti,136.074083,0.698632635,97.106395,135.24405,2.398,97.381672,122.8845,1.4239,106.335914,6/25/2015,26.6,8/6/2015,102.425856,0.9303,83.487356
DO288,3,Batch7,2/25/2015,M,black,119.146694,1.132765534,217.328827,111.3072,1.248075,178.043852,110.42065,1.535725,122.986364,6/25/2015,22.8,8/6/2015,121.80952,0.9082,94.051052
DO289,3,Batch8,2/25/2015,M,agouti,155.543122,1.712231621,126.592768,118.5039,1.20205,112.367077,176.0775,2.076275,117.621219,6/25/2015,41.4,8/6/2015,318.121791,10.1481,150.763202
DO290,3,Batch9,2/25/2015,M,white,166.726382,2.714530619,161.733542,122.1544,7.2175,128.610516,141.39775,6.6777,112.552082,6/25/2015,35.1,8/6/2015,89.67899,9.9421,107.898974
DO291,3,Batch9,2/25/2015,M,agouti,138.463234,1.314865352,106.935186,209.2449,1.6444,100.378753,169.24585,2.365125,136.380726,6/29/2015,30.2,8/10/2015,233.002223,4.6174,145.54907
DO292,3,Batch7,2/25/2015,M,agouti,135.921584,1.464698535,139.04004,138.4252,1.140275,133.420646,109.5341,1.1095,106.113908,6/29/2015,27.2,8/10/2015,239.217637,1.0966,94.186484
DO293,3,Batch8,2/25/2015,M,black,144.004031,1.822831511,235.278704,116.57435,1.53275,256.929984,84.815,1.6436,350.875523,6/29/2015,30.1,8/10/2015,81.883386,0.116033333,73.194524
DO294,3,Batch7,2/25/2015,M,chinchilla,170.233859,2.575497425,185.299871,215.24215,4.5544,203.833549,140.14615,7.8321,208.828684,6/29/2015,28.8,8/10/2015,226.944828,6.1964,161.699336
DO295,3,Batch9,2/25/2015,M,black,144.868192,1.334898665,225.56376,183.63925,2.3774,256.152963,131.9586,1.9829,94.606597,6/29/2015,29.2,8/12/2015,130.342546,2.720366667,129.703526
DO296,3,Batch8,2/25/2015,M,agouti,143.038204,1.129965537,135.321038,256.3885,4.4733,176.785818,128.15165,5.0788,176.933822,6/29/2015,36,8/12/2015,128.920375,9.4907,128.857076
DO297,3,Batch8,2/25/2015,M,agouti,138.361568,1.358065309,235.582296,150.4197,1.13625,134.530676,152.7143,1.651025,91.794521,6/29/2015,28.5,8/12/2015,153.782031,1.254166667,189.429038
DO298,3,Batch7,2/25/2015,M,agouti,123.111668,0.645666021,59.043548,123.77105,1.160625,119.13826,149.01165,2.151575,149.627084,6/29/2015,29.2,8/12/2015,183.384257,4.6776,145.413638
DO299,3,Batch9,2/25/2015,M,agouti,157.525609,2.517097483,109.743412,147.76005,1.66605,100.896767,160.58895,2.877425,130.534568,6/29/2015,27.7,8/14/2015,174.903904,1.478,96.150248
DO300,3,Batch8,2/25/2015,M,white,149.087331,0.778999221,120.103489,136.965,1.688975,111.442052,166.74265,4.1885,139.48881,6/29/2015,27.4,8/14/2015,152.781244,1.4727,93.06917
DO301,3,Batch9,2/25/2015,M,agouti,104.710122,0.432132901,55.058903,177.17265,0.861075,82.211262,120.277,3.0824,124.873415,7/1/2015,27.9,8/14/2015,130.553238,1.3128,90.563678
DO302,3,Batch7,2/25/2015,M,white,140.344055,1.24019876,111.944454,153.7573,1.366875,184.667031,123.406,1.3675,139.562812,7/1/2015,26.7,8/14/2015,117.174296,0.427566667,83.690504
DO303,3,Batch8,2/25/2015,M,agouti,129.008296,0.854132479,144.277002,142.7015,0.83895,140.006824,98.94765,1.5914,103.782845,7/1/2015,26.4,8/18/2015,185.280485,0.902733333,119.81699
DO304,3,Batch9,2/25/2015,M,white,147.765673,0.546399454,108.453146,140.4069,0.6585,172.974715,65.98885,1.054825,99.860739,7/1/2015,26,8/18/2015,131.659371,0.187633333,64.357586
DO305,3,Batch7,2/25/2015,M,agouti,154.170631,0.68999931,91.376096,157.5121,1.7545,130.386564,168.1507,3.6866,167.535568,7/1/2015,28.5,8/18/2015,114.171935,0.620733333,80.03384
DO306,3,Batch9,2/25/2015,M,agouti,140.344055,2.174097826,120.520928,149.11595,1.9596,157.98931,122.9888,1.955225,103.634841,7/1/2015,39.8,8/18/2015,191.706591,2.43225,181.743272
DO307,3,Batch8,2/25/2015,M,white,114.063394,0.596232737,208.8662,109.58625,1.02785,117.547217,118.66035,1.236375,94.162585,7/1/2015,25.1,8/20/2015,158.785966,0.5447,89.547938
DO308,3,Batch7,2/25/2015,M,agouti,106.184279,1.807631526,152.511935,151.61915,1.92075,139.85882,113.23675,2.21275,157.767304,7/1/2015,35.5,8/20/2015,130.658584,3.5539,110.84462
DO309,3,Batch8,2/25/2015,M,white,160.016426,0.856399144,84.583225,149.8982,1.101725,111.849063,115.6878,0.757075,84.098313,7/1/2015,28.8,8/20/2015,173.850444,0.6887,118.936682
DO310,3,Batch7,2/25/2015,M,agouti,158.135605,0.935265731,172.928497,108.64755,0.560975,120.544298,111.0986,0.5473,143.003905,7/1/2015,32.1,8/20/2015,138.875572,1.366933333,121.17131
DO311,3,Batch8,2/25/2015,M,agouti,133.278268,1.465465201,139.912867,107.3438,1.4441,125.909443,106.0922,1.6403,125.650436,7/3/2015,28.6,8/24/2015,163.368517,1.444,122.220908
DO312,3,Batch8,2/25/2015,M,white,133.837431,0.450766216,94.26022,106.5094,0.81175,150.626111,93.94125,1.55295,101.710789,7/3/2015,26.3,8/24/2015,152.517879,0.7885,81.354302
DO313,3,Batch9,2/25/2015,M,agouti,139.632393,1.042698957,88.605819,115.7921,1.2347,132.532622,98.9998,0.8688,79.066177,7/3/2015,24.5,8/24/2015,145.723062,0.9082,71.027612
DO314,3,Batch9,2/25/2015,M,agouti,158.440603,2.252264414,184.540891,149.6896,2.070225,123.504378,105.5707,2.6885,135.085691,7/3/2015,29,8/24/2015,141.403876,1.4635,89.717228
DO315,3,Batch7,2/25/2015,M,agouti,139.988224,2.061931271,98.927947,165.59535,2.201875,111.664058,158.08575,2.8914,114.365131,7/3/2015,31.1,8/26/2015,171.585505,3.8463,91.274696
DO316,3,Batch8,2/25/2015,M,agouti,151.120651,1.751131582,83.292959,138.47735,10.3703,129.905551,115.73995,9.2436,134.123665,7/3/2015,39.3,8/26/2015,278.722387,6.4719,98.384876
DO317,3,Batch7,2/25/2015,M,white,96.627675,1.769631564,135.283089,137.95585,2.158075,127.685491,91.12515,2.3261,108.518973,7/3/2015,31.6,8/26/2015,129.815816,1.355,97.267562
DO318,3,Batch9,2/25/2015,M,agouti,150.917319,2.306597693,266.207139,203.717,6.7984,342.99431,169.7152,14.2163,190.254182,7/3/2015,31.7,8/26/2015,147.355925,6.466,136.881422
DO319,3,Batch7,2/25/2015,M,agouti,144.461528,1.582998417,148.033953,123.04095,2.380675,222.815062,110.89,1.730125,120.322292,7/3/2015,33.5,8/27/2015,153.676685,3.0817,89.412506
DO320,3,Batch9,2/25/2015,M,WSB,144.105697,1.059965607,203.743085,141.0327,2.473125,139.821819,103.43255,2.04985,145.112962,7/3/2015,35.5,8/27/2015,202.030499,2.8947,109.795022
DO321,4,Batch11,9/22/2015,F,agouti,139.62341,5.498475,177.521184,150.746404,2.072933333,95.221205,104.132899,2.34924,167.391927,1/19/2016,45.8,2/11/2016,139.4926,3.28705,108.457764
DO322,4,Batch10,9/22/2015,F,white,124.75793,1.21115,166.72488,137.866564,0.873666667,94.499028,135.720529,0.97712,128.464308,1/19/2016,22.1,2/11/2016,164.0857,0.65725,118.605578
DO323,4,Batch10,9/22/2015,F,agouti,140.56725,1.2383,194.153328,129.548334,0.8443,130.984666,148.200232,1.41532,150.379857,1/19/2016,24.1,2/11/2016,109.3429,0.693175,143.562746
DO324,4,Batch12,9/22/2015,F,agouti,81.93119,0.3727,59.67369,95.416758,0.6136,85.581712,110.553991,0.13764,96.208089,1/19/2016,22.3,2/11/2016,124.8808,0.4979,82.030418
DO325,4,Batch11,9/22/2015,F,agouti,103.16759,0.2161,79.114332,117.902812,0.723133333,95.095609,134.477737,0.58296,87.001557,1/19/2016,20.1,2/15/2016,128.6881,0.052125,103.401786
DO326,4,Batch11,9/22/2015,F,agouti,93.90616,0.5192,53.764902,79.209626,0.5307,99.648464,131.111842,0.20232,93.672957,1/19/2016,15.6,2/15/2016,153.53845,0.393,52.124846
DO327,4,Batch10,9/22/2015,F,agouti,114.9066,0.506775,63.394038,99.81737,0.596566667,70.667187,134.995567,0.58084,61.783665,1/19/2016,23.5,2/15/2016,95.81155,0.18645,120.075756
DO328,4,Batch12,9/22/2015,F,white,132.19067,0.769875,126.275214,185.092644,0.5059,95.629392,123.551524,0.30388,101.278353,1/19/2016,21.6,2/15/2016,105.6385,0.067725,95.943322
DO329,4,Batch10,9/22/2015,F,white,127.53046,0.9123,86.226762,138.45689,0.558166667,102.191783,115.628725,0.52116,80.663727,1/19/2016,26.4,2/17/2016,127.8649,1.174225,74.751244
DO330,4,Batch11,9/22/2015,F,agouti,81.63624,0.307025,71.235948,108.242932,0.586066667,80.840463,101.025919,0.24844,85.667277,1/19/2016,18.8,2/17/2016,103.22035,0.23395,129.793274
DO331,4,Batch11,9/22/2015,F,agouti,90.7207,0.57155,125.764578,151.819724,0.980533333,139.085608,102.372277,0.50096,129.031377,1/21/2016,22,2/17/2016,128.73955,0.5972,214.812592
DO332,4,Batch12,9/22/2015,F,agouti,102.5187,0.487725,194.189802,111.462892,0.5999,105.143289,116.353687,0.26744,103.813485,1/21/2016,19.8,2/17/2016,104.04355,0.14775,93.755984
DO333,4,Batch11,9/22/2015,F,agouti,123.28318,1.051,171.64887,132.929292,1.296,155.884073,157.624738,3.11488,89.703474,1/21/2016,32.4,2/19/2016,123.0286,1.54015,115.665222
DO335,4,Batch11,9/22/2015,F,agouti,113.96276,0.708325,85.02312,118.546804,0.521166667,71.043975,136.911538,0.53756,81.864579,1/21/2016,27.7,2/19/2016,173.9641,0.663175,104.94368
DO336,4,Batch10,9/22/2015,F,agouti,84.70372,1.197825,167.199042,94.236106,0.611133333,103.85593,99.006382,0.23284,98.743221,1/21/2016,21.3,2/19/2016,152.8696,0.236575,110.32238
DO337,4,Batch11,9/22/2015,F,black,130.30299,0.683225,118.542726,97.026738,0.612666667,77.16678,135.409831,0.87608,121.959693,1/21/2016,23.5,2/19/2016,129.25405,0.3776,75.54012
DO338,4,Batch12,9/22/2015,F,white,89.71787,0.395425,179.381358,104.808308,0.703666667,125.898028,136.134793,0.96884,144.942666,1/21/2016,26.4,2/23/2016,114.84805,0.615175,113.872322
DO339,4,Batch10,9/22/2015,F,agouti,143.51675,1.562225,121.67949,136.685912,0.7204,110.481119,137.11867,0.37904,84.332997,1/21/2016,25.6,2/23/2016,130.1287,0.574825,103.222496
DO340,4,Batch11,9/22/2015,F,agouti,113.96276,1.8759,172.305402,117.366152,0.665933333,101.783596,119.667799,2.0862,94.740381,1/21/2016,32.9,2/23/2016,128.9968,1.1924,90.457048
DO342,4,Batch10,9/22/2015,F,agouti,100.45405,2.1202,158.372334,116.1855,0.783866667,186.089911,103.97755,1.21176,165.924219,1/25/2016,24.9,2/23/2016,133.37005,0.996225,93.038824
DO343,4,Batch11,9/22/2015,F,black,150.71353,1.4175,210.821946,166.09488,1.556466667,253.597761,133.908124,3.02692,209.888745,1/25/2016,34.9,2/25/2016,172.6264,1.34265,235.968812
DO344,4,Batch10,9/22/2015,F,agouti,114.37569,1.6983,263.089188,112.69721,0.849433333,156.700447,110.450425,0.87776,129.431661,1/25/2016,21.1,2/25/2016,111.0922,0.512775,105.48155
DO345,4,Batch11,9/22/2015,F,agouti,116.20438,0.613525,154.724934,136.632246,0.578366667,155.852674,126.088891,0.55396,125.128608,1/25/2016,27.5,2/25/2016,104.45515,0.459125,113.979896
DO346,4,Batch11,9/22/2015,F,agouti,106.17608,0.4018,124.59741,124.825726,0.7204,75.000249,130.697578,1.59112,93.105888,1/25/2016,22.7,2/29/2016,112.06975,0.685225,115.019778
DO347,4,Batch12,9/22/2015,F,agouti,131.83673,0.905325,120.58527,128.367682,0.6008,112.96164,129.506569,2.20612,113.920656,1/25/2016,27.9,2/29/2016,152.458,0.79185,135.889134
DO348,4,Batch12,9/22/2015,F,white,87.12231,0.1322,87.977514,88.654842,0.5167,87.277258,89.322961,0.21892,85.166922,1/25/2016,18.2,2/29/2016,86.34475,0.127925,101.035158
DO349,4,Batch12,9/22/2015,F,black,93.25727,0.140075,61.825656,78.404636,0.628433333,76.758593,87.665905,0.54232,61.083168,1/25/2016,21,2/29/2016,95.6572,off curve lo,65.32059
DO350,4,Batch10,9/22/2015,F,agouti,119.92075,1.146225,131.819262,116.1855,0.696933333,90.165966,112.418179,0.74248,128.130738,1/25/2016,22.3,3/2/2016,146.95285,0.339425,142.881444
DO352,4,Batch10,9/22/2015,F,agouti,72.90572,0.54155,101.326998,65.149134,0.470366667,96.853953,88.339084,0.422,100.177572,1/27/2016,19.9,3/2/2016,146.23255,0.246025,99.887702
DO353,4,Batch10,9/22/2015,F,agouti,120.98257,1.26195,125.217468,107.008614,0.844666667,97.136544,135.461614,2.26796,136.903629,1/27/2016,23.5,3/2/2016,129.87145,0.7695,102.756342
DO354,4,Batch11,9/22/2015,F,agouti,90.7207,1.485075,136.196142,85.005554,1.212266667,98.078514,108.223756,1.27844,89.803545,1/27/2016,34.1,3/2/2016,167.4814,1.40935,107.63303
DO355,4,Batch10,9/22/2015,F,agouti,156.31758,1.2342,211.77027,159.547628,1.3429,144.140847,145.093252,1.30352,108.516822,1/27/2016,25.4,3/4/2016,144.1231,0.57335,86.83539
DO356,4,Batch10,9/22/2015,F,agouti,108.53568,1.419475,173.800836,135.290596,1.5412,183.92338,150.996514,3.25648,237.341556,1/27/2016,38,3/4/2016,125.65255,3.95025,149.551032
DO357,4,Batch12,9/22/2015,F,agouti,89.65888,0.168925,115.880124,110.604236,0.573633333,88.125031,114.955546,0.24708,106.215189,1/27/2016,22,3/4/2016,92.2615,0.596825,105.230544
DO358,4,Batch10,9/22/2015,F,agouti,97.38657,0.3633,100.852836,113.126538,0.424266667,68.971641,92.533507,0.23726,100.477785,1/27/2016,19.7,3/4/2016,100.9051,0.159725,95.44131
DO359,4,Batch11,9/22/2015,F,agouti,112.95993,0.9604,150.12921,101.051688,0.786466667,192.275514,126.710287,2.363,160.120101,1/27/2016,33,3/8/2016,140.8303,0.92585,125.060018
DO360,4,Batch10,9/22/2015,F,black,102.34173,1.490275,221.362932,122.679086,0.861066667,160.876514,109.207633,0.7296,182.235792,1/27/2016,24.5,3/8/2016,133.67875,0.710775,221.231174
DO361,4,Batch12,9/22/2015,F,black,122.45732,1.808,160.852566,115.970836,1.510533333,98.800691,124.638967,2.02928,133.701357,1/29/2016,25.7,3/8/2016,128.1736,1.835575,193.118502
DO362,4,Batch11,9/22/2015,F,agouti,117.8561,0.47895,74.44566,141.837848,0.5763,106.807436,132.768898,0.69116,70.790055,1/29/2016,20.5,3/8/2016,138.2578,0.47,82.424856
DO363,4,Batch10,9/22/2015,F,agouti,78.68674,0.865425,155.490888,98.046392,0.837966667,139.211204,130.645795,1.20564,133.701357,1/29/2016,29.4,3/10/2016,137.8462,0.912725,124.629722
DO364,4,Batch11,9/22/2015,F,agouti,109.53851,2.2063,158.846496,128.206684,1.000633333,84.200156,125.72641,1.27772,92.939103,1/29/2016,26.5,3/10/2016,176.38225,1.666425,95.764032
DO365,4,Batch11,9/22/2015,F,agouti,144.51958,0.202575,155.96505,124.396398,0.4701,96.696958,112.26283,0.30448,105.081051,1/29/2016,20.2,3/10/2016,130.28305,0.266275,97.807938
DO366,4,Batch12,9/22/2015,F,agouti,122.5753,2.074225,167.563782,99.656372,0.5372,72.551127,113.660971,0.83024,94.440168,1/29/2016,24.7,3/10/2016,159.09505,0.638125,84.612194
DO367,4,Batch10,9/22/2015,F,agouti,71.13602,0.20935,81.229824,73.467364,0.520333333,80.432276,99.31708,0.41264,89.536689,1/29/2016,15.9,3/14/2016,176.48515,0.489575,89.34545
DO368,4,Batch10,9/22/2015,F,black,91.25161,0.701775,111.2844,135.50526,0.598666667,107.592411,132.147502,2.13112,103.479915,1/29/2016,29.6,3/14/2016,146.0782,0.52795,58.471712
DO369,4,Batch12,9/22/2015,F,agouti,109.53851,0.7945,141.667242,72.125714,0.567166667,104.860698,92.222809,0.52008,112.553019,1/29/2016,23.2,3/14/2016,130.6432,0.476475,89.990894
DO370,4,Batch12,9/22/2015,F,agouti,102.45971,0.76815,105.8133,94.7191,0.7221,115.15957,115.732291,0.53124,78.195309,1/29/2016,24.8,3/14/2016,159.09505,0.51345,122.191378
DO371,4,Batch11,9/22/2015,M,agouti,148.17696,2.388775,166.834302,155.469012,0.952366667,114.500191,180.409258,3.59472,134.702067,1/20/2016,36.4,2/12/2016,283.9642,1.7194,129.362978
DO372,4,Batch10,9/22/2015,M,agouti,157.79233,1.6928,182.627544,590.378276,1.811066667,205.58869,561.687487,1.8434,167.425284,1/20/2016,42,2/12/2016,823.366,1.8873,228.402774
DO373,4,Batch12,9/22/2015,M,agouti,153.13212,1.6298,202.432926,159.332964,2.760466667,217.426113,163.476217,11.2012,88.035624,1/20/2016,48.5,2/12/2016,188.9875,6.1778,83.572312
DO374,4,Batch11,9/22/2015,M,white,130.244,3.7708,201.55755,167.43653,2.977866667,144.235044,150.219769,18.1042,149.879502,1/20/2016,43.2,2/12/2016,130.90045,64.676,114.840488
DO375,4,Batch10,9/22/2015,M,agouti,127.35349,1.2017,168.512106,145.057808,5.049066667,144.549034,151.410778,23.5876,138.404694,1/20/2016,50.2,2/16/2016,230.5591,6.2417,128.25138
DO376,4,Batch11,9/22/2015,M,agouti,160.44688,2.5459,223.697268,155.791008,2.9943,216.107355,154.673107,5.7608,161.187525,1/20/2016,45.5,2/16/2016,243.16435,7.7912,103.652792
DO377,4,Batch10,9/22/2015,M,white,190.17784,1.785225,310.213596,178.867388,0.797666667,113.432625,208.941691,2.00048,184.03707,1/20/2016,32.6,2/16/2016,341.43385,1.525766667,152.09695
DO378,4,Batch11,9/22/2015,M,white,186.81541,2.3011,160.670196,119.834788,2.060633333,146.841161,121.169506,3.52924,157.451541,1/20/2016,39.6,2/16/2016,185.95195,2.513033333,146.395528
DO379,4,Batch11,9/22/2015,M,white,181.32934,1.8713,167.855574,195.128186,1.470533333,192.212716,136.859755,1.76708,100.377714,1/20/2016,29.4,2/18/2016,192.6919,2.197833333,145.714226
DO380,4,Batch12,9/22/2015,M,agouti,137.26381,1.77625,217.496688,100.35403,0.458666667,80.557872,118.217875,0.62348,65.486292,1/20/2016,24.9,2/18/2016,161.8219,0.506533333,66.683194
DO381,4,Batch12,9/22/2015,M,white,143.04483,1.6425,208.779402,149.404754,1.812166667,98.706494,141.002395,1.87888,172.228692,1/22/2016,26.3,2/18/2016,139.3897,0.9201,78.157754
DO382,4,Batch12,9/22/2015,M,agouti,173.24771,0.83535,191.308356,184.019324,0.799533333,137.201668,191.128339,2.47128,116.255646,1/22/2016,29.6,2/18/2016,166.81255,0.9142,162.818492
DO383,4,Batch11,9/22/2015,M,agouti,156.1996,4.5587,308.535792,154.449358,2.278033333,212.936056,174.40243,5.4598,222.330906,1/22/2016,38.3,2/22/2016,177.20545,21.5434,158.945828
DO384,4,Batch11,9/22/2015,M,agouti,127.76642,3.9235,210.67605,157.400988,5.159366667,193.782666,182.118097,33.09,237.575055,1/22/2016,45.8,2/22/2016,178.13155,15.4116,193.297792
DO385,4,Batch12,9/22/2015,M,agouti,123.7551,1.959725,97.387806,89.62083,0.683933333,63.916402,106.877398,0.555,79.229376,1/22/2016,29.8,2/22/2016,141.80785,1.236133333,132.410908
DO386,4,Batch10,9/22/2015,M,agouti,170.18023,0.71655,102.494166,236.880334,1.0587,109.915937,222.457054,12.3844,296.78373,1/22/2016,33.6,2/22/2016,161.97625,10.9082,138.757774
DO387,4,Batch10,9/22/2015,M,agouti,130.71592,1.327275,172.706616,130.567988,0.4158,92.615088,134.218822,2.66912,169.326633,1/22/2016,35.6,2/24/2016,192.7948,1.9708,108.242616
DO388,4,Batch10,9/22/2015,M,agouti,128.17935,1.8815,183.211128,134.9686,0.569533333,167.28191,138.827509,0.75596,188.940549,1/22/2016,22.2,2/24/2016,132.13525,0.521633333,65.607454
DO389,4,Batch10,9/22/2015,M,agouti,156.1996,2.5305,108.111162,179.833376,1.6118,117.577293,130.956493,3.83356,104.947623,1/22/2016,35,2/24/2016,142.0651,10.0483,107.704746
DO390,4,Batch12,9/22/2015,M,agouti,180.03156,1.545625,256.232076,132.768294,0.417333333,101.34401,125.105014,0.20888,98.709864,1/22/2016,23.8,2/24/2016,170.92855,0.399766667,128.394812
DO391,4,Batch10,9/22/2015,M,white,104.40638,1.038825,126.60348,103.949652,0.531266667,90.322961,91.963894,0.11618,87.63534,1/26/2016,29.1,2/26/2016,78.21565,0.022,74.536096
DO392,4,Batch12,9/22/2015,M,agouti,171.94993,2.43285,172.961934,146.828786,1.172533333,77.260977,128.108428,1.75512,86.367774,1/26/2016,35.6,2/26/2016,119.27275,1.757833333,87.91113
DO393,4,Batch10,9/22/2015,M,agouti,146.7612,1.457,129.411978,159.976956,2.502233333,137.986643,157.158691,3.79212,133.301073,1/26/2016,39.1,2/26/2016,162.3364,4.8627,129.6857
DO394,4,Batch10,9/22/2015,M,agouti,153.13212,1.639,183.429972,178.70639,1.6411,149.510076,153.482098,2.93004,162.588519,1/26/2016,39.3,2/26/2016,169.79665,1.6851,160.918018
DO395,4,Batch11,9/22/2015,M,black,111.01326,1.1979,131.381574,154.503024,1.181733333,92.646487,144.937903,3.81836,92.538819,1/26/2016,31.3,3/1/2016,142.32235,1.526933333,107.45374
DO396,4,Batch11,9/22/2015,M,agouti,152.42424,1.3069,164.244648,93.967776,0.912566667,99.020484,127.590598,1.67208,106.748901,1/26/2016,30.2,3/1/2016,95.9659,0.4712,97.736222
DO397,4,Batch12,9/22/2015,M,agouti,152.89616,1.294825,265.642368,139.959538,0.465833333,94.059442,125.312146,0.80492,60.516099,1/26/2016,31.2,3/1/2016,172.2148,1.995866667,201.007262
DO398,4,Batch12,9/22/2015,M,agouti,142.51392,1.6727,181.423902,145.379804,1.576333333,117.074909,150.685816,4.699,118.623993,1/26/2016,49.1,3/1/2016,144.89485,40.7455,121.581792
DO399,4,Batch12,9/22/2015,M,white,129.12319,3.0942,222.092412,136.900576,2.435933333,119.084445,137.740066,2.63368,109.150605,1/26/2016,34.9,3/3/2016,146.02675,1.327366667,112.975872
DO400,4,Batch12,9/22/2015,M,agouti,134.01936,1.7271,170.846442,119.244462,0.5355,106.242254,131.681455,0.79288,176.565102,1/26/2016,32.4,3/3/2016,156.31675,1.6797,92.644386
DO401,4,Batch12,9/22/2015,M,black,175.13539,2.046,213.192756,178.813722,0.727633333,143.983852,146.387827,0.81808,153.582129,1/28/2016,28,3/3/2016,157.9117,0.822866667,138.076472
DO402,4,Batch10,9/22/2015,M,agouti,126.05571,1.0109,130.761516,119.190796,0.722466667,138.960012,140.691697,1.94688,125.528892,1/28/2016,31.2,3/3/2016,139.8013,3.340533333,104.620958
DO403,4,Batch11,9/22/2015,M,black,132.95754,5.1968,302.736426,131.802306,0.892266667,131.330055,169.586611,1.64704,144.242169,1/28/2016,24.9,3/7/2016,116.70025,0.2938,98.560956
DO404,4,Batch11,9/22/2015,M,white,133.60643,2.0419,175.806906,115.38051,2.415766667,109.382154,127.849513,9.6334,106.715544,1/28/2016,46.6,3/7/2016,166.1437,9.2444,163.57151
DO405,4,Batch10,9/22/2015,M,agouti,164.87113,1.328775,219.940446,153.322372,0.746233333,141.503331,138.827509,1.5138,167.825568,1/28/2016,33.9,3/7/2016,150.24565,0.902566667,96.947346
DO406,4,Batch10,9/22/2015,M,white,125.46581,1.94675,134.299494,110.711568,0.462633333,130.388085,105.01321,0.53544,115.588506,1/28/2016,29.2,3/7/2016,166.09225,1.052366667,141.662272
DO407,4,Batch12,9/22/2015,M,agouti,161.44971,1.72,121.788912,117.741814,1.4816,110.575316,106.825615,1.35196,73.191759,1/28/2016,25,3/9/2016,144.79195,0.336766667,80.990536
DO408,4,Batch10,9/22/2015,M,agouti,101.69284,0.531025,80.317974,76.150664,0.409433333,134.438556,99.783127,0.36992,86.000847,1/28/2016,17.3,3/9/2016,81.09685,0.195166667,73.352782
DO409,4,Batch12,9/22/2015,M,agouti,116.55832,2.2777,176.171646,107.33061,1.217666667,125.144452,120.289195,4.20772,115.488435,1/28/2016,30,3/9/2016,95.09125,2.674133333,104.083088
DO410,4,Batch10,9/22/2015,M,black,150.00565,1.1775,166.250718,116.614828,0.922866667,78.485538,131.733238,1.82028,91.97175,1/28/2016,34.5,3/9/2016,118.9126,5.7393,137.502744
DO411,4,Batch12,9/22/2015,M,agouti,196.19482,1.5501,198.238416,162.230928,1.6374,138.175037,151.203646,2.69196,170.394057,2/1/2016,36.7,3/11/2016,172.8322,3.9941,130.94073
DO412,4,Batch12,9/22/2015,M,agouti,176.61014,1.349975,222.71247,160.781946,1.115433333,247.726148,167.722423,3.57812,147.411084,2/1/2016,39.3,3/11/2016,259.11385,2.998866667,155.718608
DO413,4,Batch11,9/22/2015,M,white,146.58423,1.44425,197.217144,139.905872,1.0572,127.938963,134.218822,3.19204,153.515415,2/1/2016,39.1,3/11/2016,144.68905,1.8955,148.260144
DO414,4,Batch12,9/22/2015,M,black,152.42424,1.94675,154.651986,99.227044,0.924166667,90.479956,136.911538,1.77112,99.243576,2/1/2016,36.2,3/11/2016,114.53935,1.9708,197.744184
DO415,4,Batch12,9/22/2015,M,white,140.92119,2.165875,203.709516,157.615652,0.683933333,155.632881,133.131379,0.71088,158.485608,2/1/2016,24.3,3/15/2016,136.1998,0.180733333,115.306642
DO416,4,Batch12,9/22/2015,M,agouti,106.70699,1.0298,280.487286,131.74864,1.186366667,202.480189,106.5667,2.48792,127.096671,2/1/2016,39.7,3/15/2016,141.29335,4.2447,115.593506
DO417,4,Batch10,9/22/2015,M,white,182.33217,2.321725,117.66735,137.812898,0.6708,88.125031,182.066314,2.54244,107.616183,2/1/2016,35.6,3/15/2016,140.36725,2.0068,105.373976
DO420,4,Batch10,9/22/2015,M,agouti,151.30343,1.24245,96.366534,117.580816,0.837566667,101.281212,128.108428,1.3572,101.812065,2/1/2016,37,3/15/2016,192.22885,5.8078,99.708412
